Name,Age,City,Score
Erika,16,North Bethany,9
Rebecca,17,Markchester,8
Mckenzie,10,Michellestad,12
Kent,14,Schmidtshire,12
Corey,18,New Megan,9
Linda,15,Port Lindsey,5
Linda,13,West Arthurton,5
Ruth,14,Bakermouth,8
David,13,East Christinetown,8
Laurie,16,South Raymondmouth,7
Alexander,14,South Amanda,4
Ruth,17,Williamland,4
Andrea,12,West James,9
Jessica,17,East Cindystad,7
Gina,12,Catherinestad,1
Benjamin,11,Lake Zacharyfort,8
Erika,10,North Vincent,12
Johnny,15,New Johnmouth,2
Joel,16,Crystalville,1
Elizabeth,15,Kimberlyport,11
Julie,15,West Michael,4
Brenda,18,Jesseburgh,5
Michelle,16,Sandraland,5
Stacey,10,Fischerfurt,9
Vanessa,15,New Douglasland,1
Courtney,10,Port Stephanieside,6
Toni,17,Michaelstad,11
Heidi,15,Keithborough,11
Danny,13,North Danielshire,9
Anthony,18,Ellisview,1
Peter,12,Stephenville,2
Michael,15,New Amyburgh,2
Shirley,11,Andersenton,5
Joseph,12,Lake Carrie,5
Jessica,16,New David,12
Steven,12,Chambersside,12
Adrian,18,West Sherry,2
Gina,15,Francostad,1
John,18,Kimberlyhaven,8
Jacob,10,Tracybury,11
Jill,10,Johnland,9
Holly,17,Jonestown,6
Renee,11,New Katherinefort,3
Lori,10,Joshuabury,2
Amanda,13,Jeffreyport,8
Jose,16,Gloverbury,7
Samuel,18,New Jessicatown,4
Kevin,17,New Veronica,10
Matthew,16,Lake Matthewfort,9
Valerie,13,Barrettmouth,1
Erica,11,Whitneyland,5
Denise,12,West Katherine,7
Steven,11,West Maurice,12
Kyle,18,Victoriaburgh,9
Samuel,18,Michelleborough,6
Rebecca,16,South Debratown,10
Barry,17,Port Janice,2
John,14,Hillville,3
Nancy,14,South Danielhaven,10
Michael,18,East Tanyatown,6
Alexa,15,Danielstad,3
Pamela,13,Nicolefort,12
Matthew,17,New Wesleyburgh,8
Patrick,16,Chambershaven,7
Robert,18,Rayport,11
Theresa,16,Stevensfurt,1
Kimberly,14,South Michelle,7
Christopher,12,Georgebury,6
Lindsay,12,Port Taramouth,12
Victoria,13,New Allison,3
Mark,18,Markville,2
Ann,18,West Mollyton,4
Melissa,13,Port Gregoryfurt,12
David,13,East Emily,5
Stephen,12,Jamesbury,8
Brian,10,New Jillianbury,1
Christopher,16,New Scott,2
Michael,18,Alexanderfort,10
Eric,11,South Blake,6
George,11,Rebeccafort,5
Jessica,17,Maxwellmouth,11
David,11,Walkerside,11
Charles,10,Michellefort,2
William,13,Saramouth,6
Lisa,11,Port Melaniestad,7
Marissa,16,East Bradleyborough,11
Michael,12,Amandamouth,3
Kevin,13,Jamesbury,1
Benjamin,16,Nicholasborough,3
Samuel,13,Amyborough,3
Charles,17,North Jasmine,6
Anthony,12,East Randyport,4
Katherine,17,Harrisshire,11
Erika,14,Simpsonton,7
Katherine,13,North Tiffany,10
Sandra,13,Lake Rachel,7
James,11,West Robertburgh,7
Nathan,18,New Mary,4
Sharon,14,New Amy,11
Brian,11,Sharitown,6
Joy,17,Stewartfurt,2
Christopher,13,Paulbury,5
Brian,13,Timothyside,4
William,12,East Gabrielshire,8
Danny,16,Nicholasborough,1
Timothy,12,North Crystal,6
Tricia,10,Benjaminfort,3
Melissa,10,Amberburgh,9
Crystal,11,Greenberg,9
Rebecca,18,Port Feliciaburgh,10
Jesse,16,Brettview,6
David,17,Huntport,7
Joseph,14,North Katelyn,8
Jodi,15,East Justin,12
Helen,14,North Christinaborough,9
Erika,18,Robertsonborough,5
William,17,Chenshire,9
Joseph,10,Lake Joan,11
Patrick,15,Millertown,3
John,14,Michaeltown,4
Ashley,12,Michelleport,3
Nathan,15,Lake Jessica,10
Sarah,16,New Thomas,11
Justin,18,East Beckychester,10
Katelyn,10,Reedville,7
Deborah,15,North Craig,10
Ashley,12,Mercedesfort,4
William,12,South Ninafort,5
Alexandra,13,South Charlesmouth,3
Melanie,17,East Melindafurt,8
John,14,East Mikestad,7
Jaime,15,Port Melissa,10
Charles,13,East Mistyland,2
Melissa,15,Greenshire,6
Sean,10,New Donbury,1
Andrew,11,Port Timothytown,1
Jon,17,East Alexanderfort,7
Cory,18,Simsbury,11
Stephen,16,Stewartland,5
Rebekah,15,West Jeannefort,2
Nicholas,13,Lake Brianville,7
Jennifer,12,Lake Amberfort,1
Alan,14,Joshuamouth,9
Matthew,15,New Susan,2
Linda,15,Garciaview,6
John,11,Hayesberg,1
William,14,Christinefurt,6
Wendy,18,Shannonmouth,8
Dominique,13,Castroside,8
Gregory,13,Mooreview,5
Toni,14,New Michele,1
Kathryn,18,New Lisa,9
Eric,13,West Kathytown,5
Jamie,13,Mullenton,1
Daniel,13,Kaylaborough,8
Kathleen,13,Joelport,5
Jessica,11,South Chase,11
Raymond,15,Port Karenfort,12
Jamie,12,Andreamouth,11
Alexander,17,East Martin,2
Juan,18,Fitzgeraldshire,3
Caitlin,18,Lesliefort,3
John,14,East Melissaside,5
James,11,Lake Johntown,9
David,14,Harmonchester,10
Rebecca,12,East Martin,11
Daniel,10,Lake Jacquelineborough,5
Steven,14,New Jayhaven,11
Brandon,12,New Davidport,1
Jason,16,Keithstad,5
Timothy,11,West Shawn,12
Melissa,14,Deborahberg,11
Penny,17,Port Leslieborough,5
Gregory,18,North Ryan,9
Todd,14,Amymouth,5
Jacob,11,Santiagofurt,4
Johnny,15,New Jessicaville,6
Christina,13,Wendyshire,8
Rodney,13,Guzmanland,4
Elizabeth,17,Lake Seanville,9
Jill,15,Woodchester,9
Samantha,13,New Glenn,1
Cheyenne,12,Loweport,5
David,14,East Norman,6
Theodore,12,Rogersville,5
William,13,Lewisfort,12
Neil,14,Walkermouth,4
Charles,10,Juanfurt,10
Matthew,17,Lake Sandra,7
Kendra,18,Port Jacqueline,7
Jamie,10,Port Troyburgh,5
Deborah,14,Amandaberg,2
James,18,Randychester,11
David,11,Timothymouth,10
Jennifer,12,Mooneyhaven,4
Paul,14,Port Erinside,1
Michael,13,Port Crystal,12
Sandra,13,North Markchester,12
Michael,15,Morachester,6
Pamela,16,Julieburgh,11
Kristin,18,Lake Jenniferborough,2
Gloria,11,West Theresatown,3
Matthew,12,Montesport,7
Peter,11,Morrisshire,1
Kenneth,10,Lewisport,6
Michael,13,East Nicole,7
William,16,Hensonmouth,6
Mark,13,Millerside,4
Amanda,14,West David,11
Mark,17,Tuckerfort,1
Connor,12,Donnamouth,8
Ann,15,East Allison,3
Kathy,16,Reynoldsfort,6
Brian,10,Padillaton,2
Rebecca,10,Lake Randyton,8
Chase,11,Port Kimberly,8
Lisa,14,Sandersfort,8
Amanda,18,Josephstad,12
Tiffany,15,New Charlotte,8
Scott,14,South Todd,9
Catherine,16,Nicholasfort,12
Cynthia,10,Andersonside,3
Adam,15,New Eric,3
James,11,South Lawrencemouth,3
James,14,Port Julieborough,5
Lee,12,New Kimberlymouth,8
Elizabeth,18,Schmidtchester,4
Deanna,10,Hollychester,1
Ashley,11,Jamestown,8
Christina,12,Patelshire,10
Catherine,13,Annetteshire,11
Anthony,12,North Alexandria,1
Katherine,15,Warrenland,6
Alexander,13,East Josephton,2
Amanda,14,East Mark,2
Laura,14,Medinamouth,2
Adam,17,New Barbara,5
Zachary,17,Port Johnburgh,8
Jacqueline,17,North Dustin,1
Juan,10,New Kenneth,12
Robert,11,South Jerry,1
Randy,14,Hicksshire,7
Laura,15,West Georgeland,4
Rebecca,18,West Elizabeth,5
Ian,18,Robertsville,8
Michael,17,East Harryland,9
Lauren,18,Smithfort,3
John,17,North Chrisview,11
Brad,15,Rosariomouth,11
Andrea,12,Calhounchester,11
Christina,11,Jenniferstad,5
Laura,18,Mendezport,9
Amanda,15,West Brandy,12
Jerry,12,East Davidfort,11
Priscilla,17,Aaronhaven,8
Christian,15,East Johnbury,2
Sean,18,Johnsonfort,7
Austin,13,Lake Paul,1
Jesus,16,Monicaberg,9
Brooke,18,East Paula,3
Deborah,11,Lake Russellton,11
Roberta,18,Wellshaven,7
Gary,12,Terrellberg,8
Tiffany,14,New Robin,11
Martin,11,Mathisville,8
Mia,18,Port Wayneland,7
William,15,Khanfurt,10
David,16,North Amanda,1
Matthew,17,Leonardburgh,7
Laura,13,New Katelyn,6
Jessica,14,Noahhaven,5
Nicole,14,Port David,5
Christopher,15,West Lindsay,11
Sarah,14,North Vanessaburgh,6
Mary,10,Josephbury,12
Patrick,16,North Christine,7
Andrew,10,Matthewburgh,12
Melanie,13,Port Whitneymouth,5
Kaitlyn,18,East Valerie,9
Terrance,12,Williamport,5
Lee,16,Mooremouth,9
Bradley,11,Molinashire,11
David,11,New Nicholas,3
Roger,12,East Paulside,11
Patricia,12,South Rebeccafort,2
Taylor,13,West Angelicamouth,12
Cynthia,13,Lake Katrina,1
Nicholas,15,North James,1
Deborah,14,North Frank,12
Hunter,14,Christopherland,9
Jennifer,13,Danielborough,4
Christina,14,Robertbury,3
Chelsea,14,South Jeffreymouth,5
Zoe,10,Lake Lori,2
Jennifer,17,Francisstad,5
Jenna,18,Curtisville,3
Mary,14,Kellystad,3
Annette,13,South Chelsey,5
Bethany,16,Patelshire,5
Joseph,13,Griffinmouth,12
Kenneth,12,Lake Melissa,11
James,16,South Oliviaton,12
Lori,12,South Stephenfurt,1
Gina,10,Port Travisberg,5
Scott,18,Foleyton,12
Nancy,13,North Phillipfurt,4
Jeremy,10,Port Joshuashire,2
Grant,14,East Jamie,3
Michael,14,East James,8
Ray,17,Meganland,10
Heather,17,Rojasshire,2
Jennifer,18,West Kayla,1
Amber,14,Greenberg,10
Michael,17,Edwardberg,2
Andrea,13,Port Alishaton,6
Terry,13,South Wendy,8
Cole,13,Gomezfort,8
Margaret,16,Billystad,12
Sarah,15,Lake Stevenmouth,11
Joseph,11,Lake Cody,2
Jeremy,15,South Judy,2
Amber,17,New Julia,9
Daniel,11,Melissaport,2
Troy,12,North Erinside,9
Brittany,13,Stewartshire,10
Richard,11,Johnsonberg,3
Kevin,11,Port Robertchester,12
Jacqueline,11,North Robert,12
Katherine,11,New Amy,1
Anna,18,Elliottberg,8
Ann,12,Howardberg,10
Christine,12,Lake Tyler,11
Jerry,13,North Kevinmouth,2
Wendy,13,West Brian,10
Michele,10,West Kristenhaven,6
Shaun,18,Dawsonfurt,2
Jacob,17,Charlesside,4
John,12,New Richardview,6
Joseph,15,Port Dylan,3
Michael,10,New Markside,2
Nancy,12,Fisherview,10
Yolanda,11,Jessicafort,11
Anna,13,Lake Patrickport,2
Misty,14,Emilychester,8
Kaitlyn,12,West Jeffreyburgh,5
Sierra,10,Wadeton,5
Michele,15,New Anita,10
Andrew,10,Turnerfurt,8
Kelly,14,North Lisaville,2
Johnny,11,Leahland,9
Jennifer,17,South Mark,5
Casey,14,Mariahaven,10
James,11,North Sarah,8
Bobby,16,Port Sarah,5
Michael,15,Hallborough,1
Gregory,16,North Jeremy,3
Brian,16,East Aaron,10
Kevin,18,Mckinneyland,9
Matthew,16,Lake Mitchell,10
Jennifer,15,New Ian,1
Jimmy,11,Hannahfurt,8
Theresa,18,Lake Sara,7
Ann,12,Jeffreybury,1
Denise,17,West Jessica,3
Gerald,16,Kruegerchester,1
Judith,16,New Markhaven,1
Charles,16,Danielshire,3
Alexander,18,Dorseyberg,8
Michael,12,Lake Tylerbury,6
Natalie,18,Loganside,12
Stacy,11,Johnsonberg,4
Jamie,15,East Edwardchester,8
Scott,15,South Benjamin,9
Jose,13,Jonland,5
Sonia,11,Stokesburgh,4
William,12,Port Timothy,2
Amber,18,West Jennifertown,11
Patricia,17,Richmondshire,6
Evelyn,17,Joymouth,11
Thomas,16,New Nathanielburgh,5
James,10,Barryhaven,6
Eric,10,Angelaport,11
Rhonda,15,Meganville,10
Aaron,11,Deleonview,7
Joseph,11,Conradton,9
Wayne,16,Selenaview,8
Courtney,13,Danielhaven,1
Jose,15,Lopezfurt,10
Jerry,12,Garciahaven,1
Brian,14,Timothyburgh,4
Robert,13,Port Tiffany,1
Aaron,17,New Mitchellport,12
Marisa,15,Port Kaylafurt,1
Teresa,14,Tylerburgh,10
Monica,12,East Michael,8
Phillip,16,Donnafort,8
Ryan,10,North Timothy,8
Paul,16,Selenaport,1
Tammy,12,Christineton,3
Luke,15,West Amanda,9
Harold,13,East Ronald,11
Christopher,17,South Alexander,2
Susan,10,Gregorytown,3
Emily,14,Wardshire,12
Dale,13,East Ruth,11
Tina,15,Nicholston,2
Rodney,15,Gonzalesburgh,12
William,10,West Kevintown,5
Ian,12,Scottburgh,9
Denise,11,South Danielleburgh,12
Rhonda,15,North Charlesshire,12
Mary,17,Lake Ericshire,6
Adam,16,Lake Christopher,12
Tiffany,13,East Judy,8
Cheryl,16,Brianstad,3
Phyllis,14,East Wendy,1
Laura,13,Lake Barry,7
Marcia,11,Heatherstad,5
Yolanda,17,Ramirezborough,6
Travis,17,West Jennifer,7
Chad,13,Port William,4
Tracy,15,Lopezchester,7
Zachary,18,South Deborah,11
Robert,14,Sarahview,8
Anthony,17,Garciaborough,3
Roger,13,Lake Michael,9
Jesus,15,South Joshua,11
Heidi,10,Kristinbury,4
Michael,13,East Zacharystad,6
Andrew,17,South Christophermouth,1
Tracy,18,North Jessicaview,2
Sean,18,Christymouth,1
Edgar,15,Kathrynfort,3
Sandra,16,Baldwinfort,1
Kendra,17,Newmanbury,3
Jonathan,16,Port Danielleton,6
Mark,16,Sheilaburgh,3
Joseph,12,North Craig,6
Michael,15,East Matthew,1
Derrick,15,West Michaelmouth,6
Michele,18,New Brendahaven,4
Bradley,16,Deniseview,5
Lisa,13,Laurenfurt,10
Joseph,11,Martinborough,7
Duane,18,Popeland,11
Jenna,14,South Marieport,12
Heidi,12,Jeanneton,12
Leah,13,Murrayside,4
Ashley,11,Briannaport,11
Monica,18,New Brittanyfurt,8
Shannon,12,South Donna,9
Peter,18,Zacharychester,9
Steven,12,Smithview,2
Brian,11,Port Laura,6
Christopher,16,West Richardside,2
David,16,Mcdonaldton,11
Lisa,15,South Gailside,10
Darlene,12,North Justintown,10
Thomas,11,Taylorville,6
Pamela,10,Howardfort,6
Michael,10,Marieview,11
Ricky,11,Thompsonbury,7
Christopher,16,Sarahmouth,9
Julian,16,Garcialand,2
Edward,12,Port Donald,1
Sandra,18,Ortizton,1
Anthony,18,Josephborough,5
Victor,13,Lake Erik,1
Stephanie,15,Port Travis,7
April,15,Lake Nathan,10
Ronald,10,East Joy,12
Bryan,14,Alexshire,8
Richard,16,Juanville,11
Jason,16,Kathleentown,10
Karen,14,Port Teresaton,12
Patricia,18,West Candicemouth,4
Zachary,15,New Justinberg,1
Julia,10,Bradleyville,5
Stephen,14,Reyesshire,9
Omar,14,Alexandrahaven,7
Jennifer,11,North Peter,8
Nicholas,17,Florestown,7
Jamie,14,Millertown,9
Samuel,13,Loganview,3
John,15,South Stevenstad,1
Edward,17,South Candacefurt,12
Isaiah,15,Websterport,11
John,16,Stephaniemouth,11
Michele,16,Lake Ginastad,8
Pamela,15,North Jerryberg,5
David,13,Lake Sarah,11
William,17,Sanchezport,12
Melissa,12,New Terri,9
Tina,14,East Rickyland,5
Tammy,11,West Jenniferland,12
Brandon,13,New Cindy,12
Richard,11,Lake Tammyfort,11
Ashley,17,Cathyport,9
Martha,14,Port Daniel,7
Bailey,13,New Shanemouth,7
Aaron,10,Gonzalezfurt,11
Ernest,15,Perkinsberg,5
Mary,12,North Valerie,6
Patrick,16,West Scott,2
Lisa,10,East Brianna,11
Robert,15,North Leahview,3
Ashley,16,Jacksonville,12
Emma,18,Port Danielle,6
Chris,10,South Nicholasburgh,12
Kayla,13,Brooksmouth,3
Scott,11,West Sharon,4
Heather,10,West Crystal,8
Melissa,17,Cassandramouth,10
Alexander,14,North Amber,12
Charles,14,New Deborahbury,12
Sarah,13,West Adam,12
Emily,18,North Erinshire,1
Amanda,15,New Sherry,5
John,14,Sandraview,9
Julie,10,Lake Brandon,9
Paul,10,New Robert,12
Leslie,15,West Destiny,4
Christopher,14,Daniellehaven,6
Jennifer,16,Janiceton,11
John,10,Dennisland,11
Matthew,12,West Joanna,5
James,12,South Brenda,12
Samantha,14,North Lindaberg,10
Brittany,14,Lindseymouth,5
Mary,10,Lake Brianfurt,7
Ricardo,15,Antoniochester,6
Selena,13,Lake Sandraton,5
Brandi,12,South Richard,11
Michaela,12,Adkinsberg,3
Bryan,10,Michaelstad,10
Joyce,17,Lake Steven,1
Katherine,12,North Matthew,4
Jessica,12,Rachelborough,5
William,15,Port Laura,11
Bruce,12,West Jamesshire,9
Brittany,10,South Bryan,10
Joe,13,Nunezville,3
Leslie,14,Port John,10
Angela,18,Lauraborough,10
Tammy,13,New Darin,5
Lucas,12,Bakerville,9
Antonio,18,South Crystal,9
Dylan,14,New Georgeland,11
Kevin,13,Sallyside,3
Bruce,14,Mollyside,4
Lindsay,18,Lake Christopherborough,9
Brenda,12,West James,10
Ronald,17,Whitetown,11
Richard,17,Thomasside,8
Brooke,10,New Joseph,12
Desiree,14,Duncanstad,12
Patrick,16,Hardybury,9
Laura,10,Gabrielport,12
Vincent,15,Haynesberg,12
Joseph,12,Carlaberg,1
Vanessa,13,Simpsonberg,10
Bradley,18,Vincenttown,6
Mary,10,East Larry,3
David,10,West Cynthia,9
Christopher,11,West Robertport,4
Robert,10,West Justinfort,8
Jeffrey,10,Vanessaland,4
Zachary,11,Kimside,2
Jeremy,17,Parkerbury,10
Kelli,11,Lake Matthew,5
Tracy,16,Carrieborough,11
Cynthia,10,Alanport,3
Donald,10,Roachmouth,2
Karen,15,Spearsville,7
Natalie,15,Patelmouth,5
Jennifer,16,Jacobsonland,10
Crystal,10,New Thomas,8
Michelle,12,Port Melissaton,10
David,12,Sparksside,12
Edward,13,North Pamelaport,2
Cristina,16,New Angelaland,7
Courtney,16,Danielleville,6
Allen,16,West Laura,10
John,13,North Christina,3
Robert,13,Port Laura,7
Robin,14,Laurafurt,5
Donald,12,Camposview,3
Rebecca,15,Sandrafurt,12
Nicole,13,Mahoneyton,1
Kenneth,15,Pamelatown,4
Michelle,18,Ericburgh,2
Tyler,14,Ryanfort,6
Leslie,17,Jamesbury,12
Mark,18,South Laurachester,10
Dennis,18,Port Alexandermouth,7
Joan,10,Port Carlosfurt,6
Gina,18,Boyertown,9
Gabriel,14,Sharonfurt,10
Frank,12,Thomasmouth,2
Robert,11,Davidside,11
Heather,12,South Joseph,1
Jasmine,14,Lake Josephstad,7
Anthony,10,West George,10
Sarah,15,New Julie,8
David,12,Eatonview,8
Angelica,13,South Diamond,1
Howard,16,Danielsside,12
Timothy,11,Kimberlytown,4
Dean,15,Luisstad,3
Thomas,17,South Kennethstad,7
Audrey,16,Mcdonaldberg,12
Tracey,18,Lake Lori,2
Daniel,12,Crawfordfurt,10
Danny,12,New Matthewborough,4
Bobby,17,New Donaldfort,10
Thomas,10,West Jonathan,1
Karla,13,New Christinahaven,7
Kevin,17,Cranehaven,4
Joshua,18,Port Michael,8
Jessica,12,Rachelstad,9
Edward,17,Tylerville,10
Jack,13,Meyersfort,2
Christopher,14,North Donald,7
Courtney,11,Michellemouth,5
Fred,10,East Tonya,10
Michelle,17,North Kenneth,7
Darren,14,Cherylton,9
Eric,13,South Erinview,8
Jeff,17,Margaretland,10
Ashley,11,Kimstad,11
Jessica,14,Lake Veronicafort,3
Caitlyn,17,North Tiffanyshire,11
Robert,10,New Anitaburgh,3
William,18,Patrickhaven,3
Matthew,10,Sanfordview,5
Timothy,10,Nealshire,2
Curtis,13,Danielport,10
Charles,11,Gillport,3
Kyle,16,Michaelberg,10
Melissa,14,North Anne,10
James,12,Farrellmouth,12
Danielle,17,South Vincent,3
Keith,13,Lake Lauren,3
Tiffany,13,Reginaldside,6
Haley,17,North Tiffanyland,10
Ryan,16,Lake Shelby,7
David,12,Christopherhaven,7
Kelly,11,Port Brittanybury,11
Elaine,15,West Annaton,11
Steven,16,West Donaldhaven,3
Maurice,10,Welchport,8
Michael,13,Samuelmouth,9
Judy,18,Andersenberg,10
Shawna,16,East Sonia,6
Michael,17,Hendricksland,9
Alexandra,16,New Brittany,6
Crystal,18,Toddside,1
Raymond,11,Jimenezside,2
Jessica,12,South Davidport,1
John,15,Sotohaven,5
Emily,16,Lake Justin,12
Christine,12,South Ashleyton,11
Jason,12,Norrisview,11
Robert,10,Port Paulchester,1
William,11,Contrerasbury,4
Ashley,13,Padillaburgh,1
Jonathan,12,South Patriciatown,2
Justin,11,New Vincentview,9
Angela,17,Ramirezshire,8
Nicole,16,Noahville,2
Heidi,14,Charlesside,3
Rebecca,10,North Stefaniebury,9
Miranda,13,New James,12
Erika,16,East Sheriton,5
Joshua,17,Valeriebury,2
Douglas,10,Floresside,10
Sherri,15,Port Cynthiafurt,4
Nicholas,14,East Robertport,11
Cassandra,13,South Victoria,3
Ana,11,Kellyland,10
Jesse,11,Nashchester,10
Charles,13,Delgadochester,7
Bryan,13,Rodriguezville,9
Stacy,10,Shawfurt,4
Jessica,12,Feliciabury,3
Erica,11,South Joshuatown,11
Steven,18,South Michaelfort,3
Christopher,16,South Rita,2
Stephanie,13,Josephborough,10
Cassandra,12,Natalieside,5
Amy,14,Joshuachester,3
Paul,10,Garyfort,2
Donald,13,North Monicamouth,2
Tamara,11,Port Michelleberg,12
Melissa,14,Natashaview,10
Summer,16,West Steven,2
Eric,13,Port Glennmouth,6
Vickie,16,Martinchester,2
Joseph,10,Whitestad,12
Kathryn,13,Stephenschester,10
Austin,16,Phamborough,7
Debra,13,New Pamelaview,3
Anna,18,East Alexaport,12
Lisa,18,Port Nichole,1
Marie,11,Rodriguezburgh,1
Jason,12,East Corey,11
Jasmine,12,Lake Edgar,9
Mike,11,Rogershaven,5
Charles,13,East Kristi,7
Michaela,16,Port Matthew,4
Justin,18,Sanchezview,3
Laura,12,Hessfurt,10
Carla,18,Weissburgh,1
David,10,Port Pamelamouth,11
Deborah,12,Kellyport,9
Kimberly,14,New Michaelhaven,5
Michael,18,Ryanport,6
Charles,15,Lake Christopher,6
Justin,12,North Teresastad,7
Brian,14,East Jamieshire,12
Nicholas,14,Danielleville,5
Luke,17,New John,12
Peter,10,Port Christophertown,2
Jon,14,Tannerton,7
Kara,11,Jeffreyfurt,1
Helen,18,Ramosberg,1
Danielle,11,Bookerton,3
Dean,16,Lake Thomashaven,8
Mark,10,Donnaville,12
Joshua,17,South Henry,4
Adam,14,Donaldville,12
Megan,15,North Ashley,10
Margaret,18,East Jacqueline,1
Hannah,16,South Chelseyview,6
Lisa,11,West Shannonshire,4
John,13,West Patrickberg,10
Tyler,10,Kristyville,12
Jeffrey,18,Port Kimfort,3
Alicia,16,New Johnny,8
Joseph,10,Lopezview,4
James,13,South Sean,6
Brian,18,New Fred,2
Kathleen,17,East Leroy,9
Krystal,13,Gilbertchester,11
Kelly,15,Williamsville,6
Jennifer,18,North Tyler,10
Monica,17,Nathanton,12
Seth,11,Kelseyton,11
Shannon,18,Jennaburgh,12
Jose,15,Colemouth,4
Jennifer,10,Santiagoview,4
Miguel,18,Cannonmouth,12
John,14,Knightland,10
Mark,16,Davilamouth,12
Christopher,13,Judithshire,2
Emily,13,Francisborough,7
John,18,Wendyburgh,8
Christopher,15,New Raymondberg,12
Jared,11,East Miguel,10
Heather,11,Kellyhaven,6
Gerald,13,West Alberthaven,7
Deborah,18,Tonyborough,5
Zachary,18,Robertborough,2
Erica,12,Sandraville,10
Joseph,12,East Courtneyborough,6
Ryan,18,East Danielstad,8
Ronnie,17,Chavezborough,12
Carol,15,South Stephenmouth,1
Brianna,11,South Elizabeth,3
Brian,16,West Scottchester,8
Kenneth,13,Brandonport,10
Stefanie,18,New Johnnyview,2
Brian,13,Juliefurt,7
Oscar,16,Flowersfurt,6
Gloria,10,Stevenborough,12
Jody,11,Taylortown,10
Andrea,16,East Joshua,9
Jessica,12,South Kimberly,5
Stanley,10,New Daniel,7
Robert,17,North Charlotteville,9
Ronald,14,West Keith,2
Marcus,17,South Michaelbury,4
Nicholas,15,Christopherhaven,12
Tammy,14,East Laurafort,6
Kristin,11,New Angelatown,1
Michael,12,Hayeshaven,2
Carolyn,15,New Andrewstad,1
Scott,15,South Alison,4
Cory,16,North Curtismouth,12
Spencer,14,West Rebeccaton,8
Douglas,14,Bryantville,4
Thomas,15,North Tyrone,5
Heidi,16,Calebmouth,6
Shawn,14,East Carolside,11
Christopher,13,South George,10
John,10,New Angela,8
Amanda,10,Timothyton,9
Jeremiah,17,North Ryanside,7
Terrence,13,Martinezmouth,7
Gabriel,12,Port Mandyborough,5
Samuel,18,Johnsonton,3
Chase,18,Edwardsfurt,2
Douglas,14,East Michaelton,9
Sharon,12,Angelaborough,10
Alicia,18,Navarromouth,3
Emily,15,Port Laurenborough,10
Barry,18,Edwardfort,5
Caleb,13,Port Tanya,12
April,16,East Richardtown,12
Ashley,10,North Williamchester,3
Reginald,14,Wayneview,9
Hunter,16,Stewarttown,12
April,11,Owenport,3
David,12,Tuckerborough,12
Pamela,17,Davisfurt,5
Melinda,10,Juanchester,2
Tiffany,10,West Kerrymouth,10
Eric,10,North John,12
Justin,16,Garymouth,9
Vicki,16,South Thomas,5
Bruce,16,Ambertown,3
Donald,16,East Dustinfort,12
Chelsea,18,Hooverside,4
Brandi,15,Ochoatown,11
Joel,10,South Nathanstad,7
Bradley,10,Noahborough,1
Douglas,13,Lawsonmouth,1
David,14,Audreyhaven,3
Gina,15,Arnoldview,9
Perry,15,Port Selena,10
Tyler,12,Joneshaven,8
Sarah,11,Snowmouth,6
Tina,17,Lake Lorishire,5
Lisa,10,New Kylemouth,7
Amy,15,Ellishaven,2
Janice,14,South Patrick,2
Jeremy,14,Marissamouth,4
Erin,12,Jacksonfurt,12
Martha,18,Port Peter,1
Robert,12,Cooktown,5
Loretta,14,North Jeffery,7
Jason,18,Jacobston,10
Wendy,11,Grantfort,4
Molly,11,Christinaland,6
Joann,17,Lake Christine,8
John,13,Thomashaven,12
Blake,13,Smithfort,4
Jared,18,Port Peterfort,9
Sherri,11,East Amber,8
Amy,15,Trevinoborough,2
Jessica,17,Markside,12
Bryan,16,Richardmouth,7
Jennifer,12,West Kelly,7
Gregory,11,Lake Alyssamouth,2
Matthew,15,East Nicolefurt,2
Ashley,15,North Amandamouth,10
Christine,17,North Jimmy,12
Devin,17,Stewartmouth,7
Patricia,17,Port Stevenfort,7
Kristen,11,Port Wanda,7
Benjamin,14,Jaimeshire,1
Rebecca,18,Cindytown,9
Charles,13,Brookeburgh,3
Dylan,13,West Christopherport,12
Rachel,13,Webbmouth,11
Wayne,12,Zacharyberg,3
Rickey,16,Port Elizabethmouth,4
Maria,10,Matthewton,6
Lisa,13,Port Michael,10
Heather,13,Derrickside,6
Claudia,17,South Scottport,9
Alexandra,11,Kristenfurt,2
Jasmine,12,New Natashachester,8
Kerri,18,Huangport,10
Tammy,10,Jenkinsmouth,1
Derek,13,North Antonio,7
Shawn,14,West Joshuafort,6
Jeanette,17,Rachelport,1
Sean,11,North Paula,9
Tara,16,Wolfefurt,2
Cameron,10,Port Matthew,4
Lisa,17,Nathanielchester,6
Glen,10,Poolemouth,5
Nathaniel,10,North Maryland,4
Alejandro,17,Kristinhaven,1
Justin,12,South Jeffrey,4
Robert,10,Scottborough,11
Richard,10,Sarahchester,7
Dylan,15,Margaretfurt,5
Stephen,14,Hernandeztown,6
Todd,16,New Lisashire,11
Thomas,15,Leeberg,9
Samuel,11,South Samanthafurt,2
Peter,15,South Kerriport,4
Anthony,15,Martinezborough,11
Wendy,16,Port Michael,5
Brandon,15,North Alan,2
Mary,16,Hillchester,3
Caleb,16,North Garrettfort,12
Nathan,10,South Tanya,8
Gregory,17,Deborahmouth,7
Ronald,18,West Scott,5
Rachel,15,Destinyhaven,6
Amy,16,Lake Lancemouth,6
Angela,14,Jeffreymouth,11
Paul,16,West Toddport,9
Lynn,18,Greeneburgh,10
Martin,10,Lake Erika,3
Henry,18,Hannahfort,5
Nathaniel,12,Deanstad,3
Dennis,11,Kathleenchester,2
Richard,11,North Sara,5
Brian,16,Chambersborough,8
Jennifer,12,Adamsland,10
Todd,13,New Jenniferborough,7
Kevin,16,Jasonshire,9
Erin,14,North Virginia,4
Timothy,14,Georgeburgh,12
Jonathan,15,New Zachary,4
Charles,18,Pattersonchester,1
Jeremy,15,Penningtonmouth,7
Ashlee,14,Teresaland,10
Jacqueline,10,Mollychester,11
Colleen,18,Amandastad,7
Meghan,18,Websterside,6
Erik,18,Port Arthurfurt,7
Courtney,15,West Kimberlytown,11
Gloria,16,Curtismouth,9
April,16,Lake Mariaview,12
Dana,14,Chadstad,2
Anita,10,Fryeside,8
Rhonda,11,South Jerry,5
Barbara,16,Davidbury,8
Rebecca,15,Port Aliciamouth,11
Mike,18,Pereztown,11
David,11,South Steven,7
Ryan,15,Jasonmouth,5
Dominic,13,South Tanner,3
Russell,12,Andretown,3
Kenneth,13,East Kyliefort,5
Regina,12,East Dorisstad,4
Michael,14,Lake Nicole,8
Regina,13,Henrystad,11
Craig,16,New Edward,7
Jennifer,11,Lake Brittanyside,7
Kathryn,16,Cherylville,11
Jamie,10,West Heidifort,10
Trevor,14,Heathfort,10
Christopher,11,North Danielview,5
Mary,11,Carrollhaven,3
Adam,10,Williamtown,9
Patricia,14,North Stephanieside,6
Christine,17,Lake Michaelland,9
Julia,16,Williamsonmouth,11
Ryan,18,West Rebeccaberg,12
Matthew,14,South David,12
Chase,10,North Danielle,7
Karen,13,Jeffreystad,10
Robert,14,East Terrenceside,1
Ashley,11,North Brianside,8
Felicia,11,West Denise,8
Oscar,15,New Susanview,2
Lindsay,15,South Roseshire,1
Don,15,South Samanthaport,3
Thomas,14,Mooreside,2
Savannah,13,Williamschester,2
James,18,East Nancy,3
Elizabeth,14,Juliaberg,1
Eric,16,North Daltonfurt,5
Crystal,16,Smithstad,1
Jasmine,18,East Cameronland,3
Gary,15,Oliviamouth,3
Michael,15,South Timothyburgh,10
Karen,16,North Tim,5
Russell,11,Melissahaven,4
Stephanie,16,Millerburgh,10
Philip,17,North Michaelhaven,6
Amanda,16,East Robertshire,1
Christine,11,Phillipsfort,12
Alexis,11,Schmidtport,3
Christopher,10,Lake Benjaminside,9
Krista,17,Christinemouth,10
Aaron,13,New Theresa,12
Amanda,15,Jennifertown,12
Kaitlyn,16,South Jenniferview,7
Megan,15,Port Katherine,12
Nicholas,11,West Lisa,8
Catherine,10,Port Dianemouth,1
Alexander,18,Poolehaven,4
Debra,15,Lake Lisaberg,5
Melissa,17,Ramirezborough,5
Nicole,17,Darrellhaven,12
Sarah,10,West Jeremy,1
Timothy,11,North Ashleyshire,3
David,13,Garytown,11
Ryan,16,Jillton,11
Carol,11,New Austin,2
Clifford,12,Port Hunterbury,4
Dustin,15,Lake Kennethburgh,9
Joseph,13,Kevinland,10
